"bioID";"pos";"college";"collegeOther";"birthDate";"deathDate";"bmi"
"abrahta01w";"C";"George Washington";;1975-09-27 00:00:00;"0000-00-00";0.03469685902118334
"abrossv01w";"F";"Connecticut";;1980-07-09 00:00:00;"0000-00-00";0.030861943024105186
"adairje01w";"C";"George Washington";;1986-12-19 00:00:00;"0000-00-00";0.034106648199445984
"adamsda01w";"F-C";"Texas A&M";"Jefferson College (JC)";1989-02-19 00:00:00;"0000-00-00";0.04484893976355789
"adamsjo01w";"C";"New Mexico";;1981-05-24 00:00:00;"0000-00-00";0.032
"aguilel01w";"G";"George Washington";;1976-10-15 00:00:00;"0000-00-00";0.03675651592782357
"ajavoma01w";"G";"Rutgers";;1986-05-07 00:00:00;"0000-00-00";0.03460207612456748
"alberma01w";"G";"Ohio State";;1975-04-12 00:00:00;"0000-00-00";0.0
"aldrima01w";"G";"UNC Charlotte";;1973-09-15 00:00:00;"0000-00-00";0.03035112080936322
"alexaer01w";"G";"California-Santa Barbara";;1975-04-25 00:00:00;"0000-00-00";0.0311873468478503
"alhalta01w";"F-G";"DePaul";;1974-10-17 00:00:00;"0000-00-00";0.028742283950617283
"allench01w";"G";"Notre Dame";;1986-07-23 00:00:00;"0000-00-00";0.026780400714144018
"amachma01w";"F";;;1978-01-30 00:00:00;"0000-00-00";0.032839181835241135
"ambermo01w";"F";"Arizona State";;1970-12-21 00:00:00;"0000-00-00";0.029259002770083104
"anderam01w";"F";"Brigham Young";;1984-03-14 00:00:00;"0000-00-00";0.032214506172839504
"anderch01w";"C";"Vanderbilt";;1981-01-22 00:00:00;"0000-00-00";0.031229454306377382
"anderjo01w";"G";"Wisconsin";;1986-07-22 00:00:00;"0000-00-00";0.035899653979238756
"anderke01w";"G";"Wisconsin";;1974-05-17 00:00:00;"0000-00-00";0.02784584539986634
"andrame01w";"F";"Old Dominion";;1975-12-31 00:00:00;"0000-00-00";0.03273160087284269
"angelyv01w";"G";"Ohio State";;1963-10-14 00:00:00;"0000-00-00";0.03460207612456748
"anosini01w";"C";"Tennessee";;1986-02-27 00:00:00;"0000-00-00";0.03751111111111111
"appelja01w";"C";"Stanford";;1988-05-14 00:00:00;"0000-00-00";0.036357340720221606
"arcaija01w";"G";"none";;1969-04-11 00:00:00;"0000-00-00";0.029160880777623487
"artiska01w";"F";"Northeastern";;1973-07-09 00:00:00;"0000-00-00";0.029086132482642146
"askamma01w";"C";"none";;1970-08-07 00:00:00;"0000-00-00";0.03339517625231911
"atkinla01w";"G-F";"North Carolina";;1984-03-22 00:00:00;"0000-00-00";0.033179012345679014
"atunrmo01w";"G-F";"Texas A&M";;1986-04-14 00:00:00;"0000-00-00";0.029183673469387755
"augusse01w";"F";"Louisiana State";;1984-04-30 00:00:00;"0000-00-00";0.03452932098765432
"aycocan01w";"G-F";"Kansas";;1973-02-28 00:00:00;"0000-00-00";0.031409788166544925
"ayimmi01w";"F";"Pepperdine";;1988-05-06 00:00:00;"0000-00-00";0.0
"azizle01w";"F";"Syracuse";;1979-02-28 00:00:00;"0000-00-00";0.031466666666666664
"azzije01w";"G";"Stanford";;1968-08-31 00:00:00;"0000-00-00";0.03092560553633218
"badertr01w";"G";"Boise State";;1973-02-26 00:00:00;"0000-00-00";0.030517578125
"bakerla01w";"G";"California";;1968-12-18 00:00:00;"0000-00-00";0.0311873468478503
"bakersh01w";"G";"Georgia";;1982-12-03 00:00:00;"0000-00-00";0.02703287197231834
"balesal01w";"C";"Duke";;1985-04-04 00:00:00;"0000-00-00";0.03493029963146932
"banchrh01w";"C";"Washington";;1973-05-01 00:00:00;"0000-00-00";0.03288888888888889
"baranel01w";"F";"Academy of Sport Moscow";;1972-01-28 00:00:00;"0000-00-00";0.030696576151121605
"barksla01w";"G";"North Carolina";;1979-10-03 00:00:00;"0000-00-00";0.03183673469387755
"barnead01w";"F";"Arizona";;1977-02-03 00:00:00;"0000-00-00";0.03273160087284269
"barnequ01w";"C";"Indiana";;1976-09-26 00:00:00;"0000-00-00";0.031202563670096137
"bassmi01w";"F";"Duke";;1983-12-02 00:00:00;"0000-00-00";0.032711111111111114
"batkosu01w";"C";;;1980-12-17 00:00:00;"0000-00-00";0.035145429362880884
"batteja01w";"F";"Notre Dame";;1983-03-26 00:00:00;"0000-00-00";0.03058735222368174
"battlas01w";"F";"Connecticut";;1982-05-31 00:00:00;"0000-00-00";0.03279320987654321
"bauerca01w";"F-C";"Montana State";;1972-06-27 00:00:00;"0000-00-00";0.031163434903047092
"beardal01w";"G-F";"Duke";;1982-05-14 00:00:00;"0000-00-00";0.031739734179726246
"becenry01w";"G";"Arizona State";"Scottsdale CC (JC)";1971-08-11 00:00:00;"0000-00-00";0.03213957759412305
"beckki01w";"G";"George Washington";;1985-12-27 00:00:00;"0000-00-00";0.02703287197231834
"bellje01w";"F";"Florida International";;1970-05-26 00:00:00;"0000-00-00";0.030024394820791892
"bennije01w";"F";"Vanderbilt";;1981-10-06 00:00:00;"0000-00-00";0.03288888888888889
"berezva01w";"C";"Rice";;1986-04-10 00:00:00;"0000-00-00";0.0
"berggas01w";"G";"Illinois";;1976-11-18 00:00:00;"0000-00-00";0.03469387755102041
"berrysh01w";"F-C";"Iowa";;1967-07-06 00:00:00;"0000-00-00";0.03111111111111111
"berthlu01w";"F-C";"Old Dominion";;1978-03-31 00:00:00;"0000-00-00";0.03433162892622352
"berubca01w";"F";"Connecticut";;1975-09-02 00:00:00;"0000-00-00";0.029899691358024692
"beviltu01w";"G";;;1972-07-19 00:00:00;"0000-00-00";0.03230118066384496
"bibbyje01w";"G";;;1979-08-23 00:00:00;"0000-00-00";0.03096458008465137
"bibrzag01w";"G-F";;;1982-10-21 00:00:00;"0000-00-00";0.030679327976625273
"birdsu01w";"G";"Connecticut";;1980-10-16 00:00:00;"0000-00-00";0.0315059861373661
"bishoab01w";"F-C";;;1988-11-29 00:00:00;"0000-00-00";0.0
"bjedoni01w";"C";;;1971-05-18 00:00:00;"0000-00-00";0.03205128205128205
"bjorkan01w";"F";"Tennessee";;1989-07-14 00:00:00;"0000-00-00";0.03202160493827161
"bjorkte01w";"C";"Colorado";;1982-06-29 00:00:00;"0000-00-00";0.030297783933518004
"blackch01w";"C";"Duke";;1985-11-12 00:00:00;"0000-00-00";0.03170855118907067
"blackde01w";"G";"St. Joseph's";;1966-07-29 00:00:00;"0000-00-00";0.03124212648022172
"bladerh01w";"G";"Vanderbilt";;1972-10-29 00:00:00;"0000-00-00";0.03074181332145244
"blodgci01w";"G";"Maine";;1975-12-23 00:00:00;"0000-00-00";0.027305187985717287
"blueni01w";"G";"UCLA";;1984-03-29 00:00:00;"0000-00-00";0.03525086505190311
"blueoc01w";"F";"Miami (FL)";;1976-08-18 00:00:00;"0000-00-00";0.03058735222368174
"bobbish01w";"G";"Tennessee";;1985-12-06 00:00:00;"0000-00-00";0.033818938605619145
"boddiwh01w";"G";"Auburn";;1987-01-23 00:00:00;"0000-00-00";0.031295946229783655
"boldeba01w";"G";"Louisiana Tech";;1969-06-16 00:00:00;"0000-00-00";0.03287070854638422
"boltoru01w";"G";"Auburn";;1967-05-25 00:00:00;"0000-00-00";0.0315059861373661
"bondla01w";"G";"Missouri";;1984-02-13 00:00:00;"0000-00-00";0.029405212742258855
"bonfisu01w";"G";;;1974-09-08 00:00:00;"0000-00-00";0.031358131487889275
"bonnede01w";"G";"Auburn";;1987-08-21 00:00:00;"0000-00-00";0.023545706371191136
"bookeka01w";"C";"Vanderbilt";;1965-04-10 00:00:00;"0000-00-00";0.03190091949709139
"bosweca01w";"F-G";"Illinois State";;1962-11-10 00:00:00;"0000-00-00";0.032407407407407406
"bouceje01w";"G";"Virginia";;1973-12-20 00:00:00;"0000-00-00";0.028114186851211073
"bouchke01w";"F";;;1968-01-13 00:00:00;"0000-00-00";0.029766252739225712
"bowenli01w";"G";"Michigan State";;1983-10-25 00:00:00;"0000-00-00";0.03230118066384496
"boydca01w";"F";;;1975-10-31 00:00:00;"0000-00-00";0.032276224432351286
"bradlki01w";"F-C";"Oral Roberts";;1974-08-26 00:00:00;"0000-00-00";0.031202563670096137
"brancli01w";"G";"Texas A&M";;0002-11-30 00:00:00;"0000-00-00";0.0
"branzal01w";"F";"Florida International";;1971-07-17 00:00:00;"0000-00-00";0.031163434903047092
"branzge01w";"F";"Florida International";;1976-07-25 00:00:00;"0000-00-00";0.030297783933518004
"braxtja01w";"F-C";"Louisiana Tech";;1973-10-06 00:00:00;"0000-00-00";0.03164444444444445
"braxtka01w";"F-C";"Georgia";;1983-02-18 00:00:00;"0000-00-00";0.03451676528599606
"brazian01w";"F";"Texas Tech";;1976-09-18 00:00:00;"0000-00-00";0.030861943024105186
"brcanra01w";"C";"none";;1967-04-15 00:00:00;"0000-00-00";0.0309375
"brelaje01w";"F";"North Carolina";;1988-02-23 00:00:00;"0000-00-00";0.030222222222222223
"bristre01w";"G";"Arizona";;1978-02-10 00:00:00;"0000-00-00";0.02836734693877551
"brogami01w";"F";;;1973-02-08 00:00:00;"0000-00-00";0.03321448677050103
"brondsa01w";"G";"U. Western Sydney";;1968-08-20 00:00:00;"0000-00-00";0.030296279795054577
"brownci01w";"F-C";"Long Beach State";;1965-03-16 00:00:00;"0000-00-00";0.03341855368882396
"brownco01w";"G";"North Carolina";;1980-10-21 00:00:00;"0000-00-00";0.0315059861373661
"browned01w";"G-F";"Texas";;1978-07-01 00:00:00;"0000-00-00";0.03423650493593783
"brownki01w";"G";"Georgia";;1979-01-13 00:00:00;"0000-00-00";0.027346938775510202
"brownla01w";"C";"Louisiana Tech";;1972-12-01 00:00:00;"0000-00-00";0.032
"brownle01w";"F";"Virginia";;1977-06-03 00:00:00;"0000-00-00";0.03202160493827161
"brownru01w";"F";"Furman";;1972-05-05 00:00:00;"0000-00-00";0.03195763330898466
"brumfma01w";"G";"Rice";;1978-06-06 00:00:00;"0000-00-00";0.028762975778546713
"brungje01w";"F";"Penn State";;1982-04-16 00:00:00;"0000-00-00";0.03096265715894164
"brunsre01w";"F";"Georgetown";;1981-12-11 00:00:00;"0000-00-00";0.03111111111111111
"bullevi01w";"F";"Maryland";;1967-10-04 00:00:00;"0000-00-00";0.03288888888888889
"burgean01w";"G";;;1969-04-10 00:00:00;"0000-00-00";0.03141011361104923
"burgehe01w";"C";"Virginia";;1971-11-11 00:00:00;"0000-00-00";0.03288918873334458
"burgehe02w";"F";"Virginia";;1971-11-11 00:00:00;"0000-00-00";0.030359251138471918
"burgeli01w";"F";"Alabama";;1969-07-27 00:00:00;"0000-00-00";0.03246387689998124
"burraal01w";"C";"Louisiana Tech";;1975-06-23 00:00:00;"0000-00-00";0.03875555555555556
"burseja01w";"C";"Tulane";;1979-05-19 00:00:00;"0000-00-00";0.03356383875864395
"buttsta01w";"G";"Tennessee";;1982-03-10 00:00:00;"0000-00-00";0.031739734179726246
"byearla01w";"G-F";"DePaul";"NE Oklahoma A&M (JC)";1973-08-12 00:00:00;"0000-00-00";0.04086490775639754
"byrdla01w";"G";"Eastern Michigan";;1960-02-01 00:00:00;"0000-00-00";0.03007346189164371
"cabezli01w";"F-C";"Central Florida CC";;1973-10-25 00:00:00;"0000-00-00";0.03164444444444445
"cainke01w";"C";"Tennessee";;1989-05-16 00:00:00;"0000-00-00";0.03616042077580539
"camba01w";"C";"none";;1991-08-18 00:00:00;"0000-00-00";0.03359375
"campbed01w";"G";"Texas";;1968-11-26 00:00:00;"0000-00-00";0.0328719723183391
"campbmi01w";"F-C";"USC";;1974-02-20 00:00:00;"0000-00-00";0.028672626075223476
"cantydo01w";"G-F";"Alabama";;1977-03-02 00:00:00;"0000-00-00";0.034026465028355386
"careyja01w";"G";"Texas";;1981-03-12 00:00:00;"0000-00-00";0.030991735537190084
"carsoes01w";"G-F";"Rutgers";;1986-07-28 00:00:00;"0000-00-00";0.031828703703703706
"carteam01w";"F";"Louisiana State";;1982-06-21 00:00:00;"0000-00-00";0.033783783783783786
"cartede01w";"G-F";"Georgia";;1972-01-03 00:00:00;"0000-00-00";0.03568672839506173
"cartesy01w";"G";"Texas A&M";;1990-11-18 00:00:00;"0000-00-00";0.0
"cashsw01w";"F";"Connecticut";;1979-09-22 00:00:00;"0000-00-00";0.030399699756051793
"cassija01w";"C";"Maine";;1978-09-12 00:00:00;"0000-00-00";0.033244444444444445
"castriz01w";"F-G";;;1982-03-13 00:00:00;"0000-00-00";0.02700617283950617
"catchta01w";"F";"Tennessee";;1979-07-21 00:00:00;"0000-00-00";0.03133796209420154
"caufila01w";"G";"Oklahoma";;1980-05-25 00:00:00;"0000-00-00";0.03339634530560807
"cebriel01w";"C";"none";;1971-02-07 00:00:00;"0000-00-00";0.03204587620172036
"chacoke01w";"G";"George Mason";;1974-12-21 00:00:00;"0000-00-00";0.03171602604494854
"chambco01w";"G";"Georgia";;1985-07-06 00:00:00;"0000-00-00";0.03360638521319051
"chanequ01w";"G";"Louisiana State";;1986-04-14 00:00:00;"0000-00-00";0.031739734179726246
"chapmji01w";"C";"Indiana";;1979-11-04 00:00:00;"0000-00-00";0.03662222222222222
"charlda01w";"F-C";"Tennessee";;1968-11-22 00:00:00;"0000-00-00";0.025066666666666668
"charlti01w";"C";"Connecticut";;1988-12-05 00:00:00;"0000-00-00";0.0342797783933518
"chaseso01w";"G";"Maryland";;1976-03-09 00:00:00;"0000-00-00";0.0315059861373661
"cheekjo01w";"F";"Duke";;1988-06-25 00:00:00;"0000-00-00";0.03771814599361981
"cheruam01w";"G";"Indiana";;1970-04-18 00:00:00;"0000-00-00";0.02857142857142857
"chestfe01w";"F";"DePaul";;1988-03-24 00:00:00;"0000-00-00";0.032
"choneka01w";"C";"North Carolina State";;1981-01-11 00:00:00;"0000-00-00";0.032
"chriska01w";"F";"UC Santa Barbara";;1980-11-16 00:00:00;"0000-00-00";0.031227173119065012
"chriska02w";"F";"Duke";;1989-09-11 00:00:00;"0000-00-00";0.034722222222222224
"chrissh01w";"F";"Arkansas";;1982-02-15 00:00:00;"0000-00-00";0.03190091949709139
"cironkr01w";"G";"Illinois State";;1987-05-19 00:00:00;"0000-00-00";0.032439446366782004
"clarkal01w";"F";"Middle Tennessee State";;1987-07-07 00:00:00;"0000-00-00";0.034081632653061224
"clarkma01w";"F-C";"Arizona";;1971-01-01 00:00:00;"0000-00-00";0.0
"clearmi01w";"G";"Australian Institute of Sport";;1974-07-16 00:00:00;"0000-00-00";0.028925619834710745
"clinest01w";"G";"UC Santa Barbara";;1978-04-22 00:00:00;"0000-00-00";0.03502958579881657
"coggicl01w";"G";"Kansas State";;1985-05-19 00:00:00;"0000-00-00";0.033723467565959134
"cokermo01w";"F";"Old Dominion";;1982-11-28 00:00:00;"0000-00-00";0.03377744417339088
"colemco01w";"F";"Ohio State";;1981-04-13 00:00:00;"0000-00-00";0.03279320987654321
"colemma01w";"G-F";"Maryland";;1987-01-04 00:00:00;"0000-00-00";0.030024394820791892
"colleka01w";"G-F";"Maryland";;1971-03-17 00:00:00;"0000-00-00";0.02959183673469388
"colsosy01w";"G";"Texas A&M";;1989-08-06 00:00:00;"0000-00-00";0.03027681660899654
"compame01w";"G";"St. Joseph's";;1975-09-18 00:00:00;"0000-00-00";0.030035706784289014
"congran01w";"F-C";"Mercer";;1970-06-03 00:00:00;"0000-00-00";0.03341855368882396
"conklab01w";"F";"Tennessee";;1975-02-10 00:00:00;"0000-00-00";0.03111111111111111
"consuca01w";"G";"Iowa";;1979-03-04 00:00:00;"0000-00-00";0.031141868512110725
"coopeca01w";"C";"Purdue";;1979-02-05 00:00:00;"0000-00-00";0.030470914127423823
"coopecy01w";"G";"USC";;1963-04-14 00:00:00;"0000-00-00";0.030612244897959183
"crawlsy01w";"F-C";"North Carolina";;1972-09-27 00:00:00;"0000-00-00";0.03153988868274583
"crockda01w";"F";"Baylor";;1981-02-11 00:00:00;"0000-00-00";0.029649089885531995
"crockwi01w";"F";"Connecticut";;1984-07-05 00:00:00;"0000-00-00";0.03926223520818115
"cronika01w";"G";"Colorado State";;1977-09-08 00:00:00;"0000-00-00";0.029899691358024692
"crosssh01w";"G";"Tennessee";;1983-09-07 00:00:00;"0000-00-00";0.03163265306122449
"crumpca01w";"G";"Alabama";;1962-10-29 00:00:00;"0000-00-00";0.03224489795918367
"cummiki01w";"F";"Long Beach State";;1963-08-29 00:00:00;"0000-00-00";0.03342222222222222
"cunnibe01w";"G";"Notre Dame";;1975-06-05 00:00:00;"0000-00-00";0.0314429012345679
"cunnida01w";"F";"Rutgers";;1980-01-27 00:00:00;"0000-00-00";0.03607253086419753
"cunnima01w";"F-C";"Vanderbilt";;1973-05-20 00:00:00;"0000-00-00";0.0
"currimo01w";"F";"Duke";;1983-02-25 00:00:00;"0000-00-00";0.03414351851851852
"curryed01w";"G";"Oregon";;1979-07-09 00:00:00;"0000-00-00";0.03369140625
"dalesst01w";"G-F";"Oklahoma";;1979-09-05 00:00:00;"0000-00-00";0.029899691358024692
"daleygr01w";"G";"Tulane";;1978-06-26 00:00:00;"0000-00-00";0.0337465564738292
"darlihe01w";"G";"Penn State";;1978-08-29 00:00:00;"0000-00-00";0.03764921946740129
"davenje01w";"C";"Ohio State";;1985-06-24 00:00:00;"0000-00-00";0.036262438859841456
"davisbr01w";"G";"Oregon";;1983-01-01 00:00:00;"0000-00-00";0.033179012345679014
"daviscl01w";"F";"Texas";;1967-06-04 00:00:00;"0000-00-00";0.03096265715894164
"davisde01w";"G";"Vanderbilt";;1984-11-08 00:00:00;"0000-00-00";0.03074181332145244
"davisla01w";"G";"Tennessee";;1974-10-08 00:00:00;"0000-00-00";0.03230118066384496
"davista01w";"F";"Washington";;1972-09-25 00:00:00;"0000-00-00";0.0326530612244898
"davista02w";"G";"Florida State";;1987-06-07 00:00:00;"0000-00-00";0.0
"dedenka01w";"F";"Washington";;1969-09-23 00:00:00;"0000-00-00";0.02943213296398892
"deforan01w";"G";"Nebraska";;1976-04-14 00:00:00;"0000-00-00";0.0326530612244898
"derevje01w";"G";"George Mason";;1982-03-29 00:00:00;"0000-00-00";0.02857142857142857
"desouer01w";"F-C";;;1982-03-03 00:00:00;"0000-00-00";0.03204587620172036
"dickeke01w";"F";"Texas Tech";;1978-04-20 00:00:00;"0000-00-00";0.03273160087284269
"dillata01w";"G";"Texas";;1981-05-06 00:00:00;"0000-00-00";0.032346145767695865
"dixonin01w";"C";"California";;1972-09-16 00:00:00;"0000-00-00";0.0
"dixonta01w";"G";"Kansas";;1975-12-14 00:00:00;"0000-00-00";0.031085906322201217
"doagela01w";"G";"Nebraska";;1975-05-15 00:00:00;"0000-00-00";0.03145087235996327
"domonna01w";"G";"Iowa";;1975-09-28 00:00:00;"0000-00-00";0.026938775510204082
"donapbe01w";"F-C";"Stanford";;1980-08-27 00:00:00;"0000-00-00";0.03560993425858291
"doronsh01w";"G";"Maryland";;1985-04-01 00:00:00;"0000-00-00";0.030455786599453895
"dossaci01w";"C";;;1975-01-31 00:00:00;"0000-00-00";0.03153988868274583
"douglka01w";"G-F";"Purdue";;1979-05-07 00:00:00;"0000-00-00";0.032214506172839504
"duffyme01w";"G";"Notre Dame";;1984-07-13 00:00:00;"0000-00-00";0.030073513031855646
"dunlavi01w";"F";"Kentucky";;1989-09-19 00:00:00;"0000-00-00";0.030024394820791892
"dupreca01w";"F";"Temple";;1984-08-16 00:00:00;"0000-00-00";0.0295836376917458
"dydekka01w";"F-C";"Evangel";;1970-03-21 00:00:00;"0000-00-00";0.030443839128344818
"dydekma01w";"C";;;1974-04-28 00:00:00;"2011-05-27";2.753086419753086
"edwarmi01w";"G";"Rutgers";;1966-03-06 00:00:00;"0000-00-00";0.0315059861373661
"edwarsi01w";"C";"Iowa";;1973-11-17 00:00:00;"0000-00-00";0.028393351800554016
"edwarte01w";"G-F";"Georgia";;1964-07-09 00:00:00;"0000-00-00";0.0307478674866098
"edwarto01w";"G";"Tennessee";;1968-03-13 00:00:00;"0000-00-00";0.0326530612244898
"elysh01w";"F";"Tennessee";;1983-08-09 00:00:00;"0000-00-00";0.03323593864134405
"enissh01w";"F-C";"Alabama";;1974-12-03 00:00:00;"0000-00-00";0.03471570651154063
"erbsu01w";"C";"North Carolina State";;1977-07-25 00:00:00;"0000-00-00";0.03944773175542406
"ervinla01w";"F";"Arkansas";;1985-03-24 00:00:00;"0000-00-00";0.029605263157894735
"evansda01w";"G";"James Madison";;1989-06-30 00:00:00;"0000-00-00";0.0
"evansde01w";"G";"Virginia";;1970-10-11 00:00:00;"0000-00-00";0.030517578125
"fallotr01w";"G-F";;;1972-07-23 00:00:00;"0000-00-00";0.029333333333333333
"farriba01w";"C-F";"Tulane";;1976-09-10 00:00:00;"0000-00-00";0.035555555555555556
"feastal01w";"F";"Harvard";;1976-02-11 00:00:00;"0000-00-00";0.03332672088871256
"feifesu01w";"G";;;1979-01-29 00:00:00;"0000-00-00";0.030399699756051793
"feldeja01w";"F";"Southern Mississippi";;1969-10-16 00:00:00;"0000-00-00";0.0
"ferdima01w";"G";"Louisiana State";;1978-10-13 00:00:00;"0000-00-00";0.03213610586011342
"fernama01w";"G";;;1981-12-21 00:00:00;"0000-00-00";0.027375520730013887
"ferrama01w";"F";;;1972-02-11 00:00:00;"0000-00-00";0.033777777777777775
"figgsuk01w";"G";"Purdue";;1977-03-31 00:00:00;"0000-00-00";0.029825666876706573
"fijalis01w";"C";"Colorado";;1972-05-23 00:00:00;"0000-00-00";0.033732501264968795
"firsool01w";"C";"Kansas State";;1976-04-23 00:00:00;"0000-00-00";0.03533859303090072
"floremi01w";"G";"Stanford";;1977-10-19 00:00:00;"0000-00-00";0.02869605142332415
"flukety01w";"C";"Tennessee";;1984-12-27 00:00:00;"0000-00-00";0.03525046382189239
"folklkr01w";"F";"Stanford";;1975-12-19 00:00:00;"0000-00-00";0.03469685902118334
"fordch01w";"F";"Louisiana Tech";;1981-06-06 00:00:00;"0000-00-00";0.0352
"fordki01w";"G-F";"Georgia Tech";;1975-04-04 00:00:00;"0000-00-00";0.031224489795918367
"fordst01w";"F";"Georgia";;1969-01-14 00:00:00;"0000-00-00";0.033783783783783786
"fosteto01w";"F";"Iowa";;1971-10-16 00:00:00;"0000-00-00";0.032839181835241135
"fowlesy01w";"C";"Louisiana State";;1985-10-06 00:00:00;"0000-00-00";0.03287310979618672
"francde01w";"F";"Iowa State";;1975-08-24 00:00:00;"0000-00-00";0.03938775510204082
"frankaq01w";"G";"Texas A&M";;1985-09-29 00:00:00;"0000-00-00";0.03759765625
"frankba01w";"F-C";"Wisconsin";;0002-11-30 00:00:00;"0000-00-00";
"frazeme01w";"F";"Liberty";;1987-03-29 00:00:00;"0000-00-00";0.03395555555555556
"freemla01w";"F";"Auburn";;1971-03-17 00:00:00;"0000-00-00";0.032839181835241135
"fresest01w";"G";"Iowa State";;1976-09-23 00:00:00;"0000-00-00";0.027249134948096887
"frettla01w";"F";"Georgia";;1975-06-12 00:00:00;"0000-00-00";0.030222222222222223
"friertr01w";"F";"Louisiana Tech";;1979-08-23 00:00:00;"0000-00-00";0.0339663988312637
"frohlli01w";"F-C";;;1979-06-23 00:00:00;"0000-00-00";0.03288888888888889
"frostsh01w";"C";"Tennessee";;1966-12-19 00:00:00;"0000-00-00";0.03185595567867036
"futreca01w";"G";"Duquesne";;1982-07-10 00:00:00;"0000-00-00";0.03142857142857143
"gaithka01w";"C";"Notre Dame";;1975-08-13 00:00:00;"0000-00-00";0.030222222222222223
"gamblam01w";"F";"Arizona";;1964-12-17 00:00:00;"0000-00-00";0.03326530612244898
"ganttr01w";"C";"Lamar";;1971-10-10 00:00:00;"0000-00-00";0.033053323593864134
"garcibe01w";"G";;;1976-09-03 00:00:00;"0000-00-00";0.03195266272189349
"gardike01w";"F";"Virginia Tech";;1984-05-19 00:00:00;"0000-00-00";0.03152561456183149
"gardnan01w";"F-C";"Howard";;1979-12-23 00:00:00;"0000-00-00";0.033777777777777775
"garnean01w";"F-C";"Penn State";;1979-01-05 00:00:00;"0000-00-00";0.028444444444444446
"gaydeco01w";"G";"Louisiana State";;1971-05-11 00:00:00;"0000-00-00";0.0315059861373661
"gaypi01w";"G-F";"Louisiana State";;1974-08-21 00:00:00;"0000-00-00";0.036302320968061894
"gearlka01w";"G-F";"Purdue";;1984-10-26 00:00:00;"0000-00-00";0.034528054043910676
"gessiki01w";"F";"USC";;1970-12-29 00:00:00;"0000-00-00";0.03111111111111111
"gibsoke01w";"F-G";"Maryland";;1976-11-10 00:00:00;"0000-00-00";0.027755102040816326
"gilbrbr01w";"G";"USC";;1990-08-16 00:00:00;"0000-00-00";0.0
"gilloje01w";"F-C";"Mississippi";;1964-06-13 00:00:00;"0000-00-00";0.032
"gilmous01w";"G";"Rutgers";;1978-08-24 00:00:00;"0000-00-00";0.031342987502479665
"gisseka01w";"F";"Penn State";"North Carolina State";1985-07-27 00:00:00;"0000-00-00";0.033402139238130985
"givench01w";"G";"Middle Tennessee State";;1985-07-26 00:00:00;"0000-00-00";0.0
"godbyli01w";"F-C";"Auburn";;1968-10-17 00:00:00;"0000-00-00";0.026791584483892177
"gomisem01w";"G";;;1983-10-18 00:00:00;"0000-00-00";0.02658202737552073
"goodemo01w";"G";"Stanford";;1972-02-08 00:00:00;"0000-00-00";0.029843893480257115
"goodeti01w";"F";"Iowa";;1975-10-23 00:00:00;"0000-00-00";0.03273160087284269
"goodlsa01w";"C";"Georgia Tech";;1990-08-09 00:00:00;"0000-00-00";0.04031033901163771
"goodsad01w";"F";"Old Dominion";;1966-10-19 00:00:00;"0000-00-00";0.031828703703703706
"gordobr01w";"F";"Tennessee";;1967-04-27 00:00:00;"0000-00-00";0.030671296296296297
"goringi01w";"C";"North Carolina State (jr-sr)";"Arkansas-Fort Smith (fr-so)";1983-06-07 00:00:00;"0000-00-00";0.03605191475725044
"gortmsh01w";"G";"South Carolina";;1979-12-07 00:00:00;"0000-00-00";0.03224489795918367
"grahama01w";"C";"Houston";;1970-12-18 00:00:00;"0000-00-00";0.042666666666666665
"granter01w";"G";"Texas Tech";;1984-06-13 00:00:00;"0000-00-00";0.02703287197231834
"gravede01w";"C";"Howard";;1975-09-16 00:00:00;"0000-00-00";0.03575645134086693
"graylal01w";"G";"California";;1987-04-21 00:00:00;"0000-00-00";0.03806228373702422
"grecomi01w";"G";"UCLA";;1980-03-24 00:00:00;"0000-00-00";0.030455786599453895
"greenci01w";"C";"Texas Tech";;1983-04-04 00:00:00;"0000-00-00";0.03086523865744645
"greenka01w";"G";"Connecticut";;1987-07-13 00:00:00;"0000-00-00";0.03469387755102041
"grginve01w";"F";;;1975-01-13 00:00:00;"0000-00-00";0.030024394820791892
"griffke01w";"F";"Nebraska";;1987-07-02 00:00:00;"0000-00-00";0.03268809349890431
"griffyo01w";"C-F";"Florida Atlantic";;1970-03-01 00:00:00;"0000-00-00";0.03342222222222222
"groomla01w";"G-F";"Georgia";;1970-09-12 00:00:00;"0000-00-00";0.0326530612244898
"grubigo01w";"G";;;1972-08-20 00:00:00;"0000-00-00";0.03273160087284269
"grudasa01w";"F-C";;;1987-06-25 00:00:00;"0000-00-00";0.03202908587257618
"guytowa01w";"F";"South Florida";;1965-10-14 00:00:00;"0000-00-00";0.033402139238130985
"hagiwmi01w";"G";;;1970-04-27 00:00:00;"0000-00-00";0.03193810751834954
"hairska01w";"F";"Temple";;1985-08-18 00:00:00;"0000-00-00";0.028935185185185185
"hallam01w";"F";"Washington";;1977-12-29 00:00:00;"0000-00-00";0.032
"hallvi01w";"F";"Texas";;1969-10-03 00:00:00;"0000-00-00";0.03377744417339088
"hamblan01w";"G";"Iowa";;1976-09-30 00:00:00;"0000-00-00";0.03469387755102041
"hammobe01w";"G";"Colorado State";;1977-03-11 00:00:00;"0000-00-00";0.031221303948576674
"hamptky01w";"F";"Arizona State";;1962-11-03 00:00:00;"0000-00-00";0.038349159970781595
"hamzoro01w";"G";;;1970-08-17 00:00:00;"0000-00-00";0.03192606595253098
"hardili01w";"G";"Duke";;1984-06-12 00:00:00;"0000-00-00";0.030060553633217992
"hardish01w";"G";"Louisiana Tech";;1969-06-27 00:00:00;"0000-00-00";0.03465658475110271
"harpela01w";"F-C";"Maryland";;1986-04-11 00:00:00;"0000-00-00";0.03204587620172036
"harriam01w";"F";"Xavier";;1988-01-16 00:00:00;"0000-00-00";0.03406982627761849
"harrido01w";"F";"Old Dominion";;1966-09-29 00:00:00;"0000-00-00";0.033777777777777775
"harrifr01w";"G";"Texas";;1965-03-12 00:00:00;"0000-00-00";0.02970679012345679
"harrili01w";"F";"Tennessee";;1971-01-02 00:00:00;"0000-00-00";0.03077500469131169
"harrokr01w";"G";;;1975-03-04 00:00:00;"0000-00-00";0.033935546875
"haydeva01w";"C";"Florida";;1982-06-05 00:00:00;"0000-00-00";0.04155124653739612
"hayesti01w";"G";"Connecticut";;1989-09-20 00:00:00;"0000-00-00";0.0
"haynikr01w";"G";"Michigan State";;1983-06-17 00:00:00;"0000-00-00";0.03087586641461878
"headde01w";"G";"Tennessee";;1970-08-16 00:00:00;"0000-00-00";0.0326530612244898
"hedgpch01w";"G";"Stanford";;1972-02-17 00:00:00;"0000-00-00";0.030035706784289014
"hemmera01w";"F-C";"Stanford";;1973-04-02 00:00:00;"0000-00-00";0.0
"hendene01w";"G";"Texas";;1973-02-28 00:00:00;"0000-00-00";0.031141868512110725
"hendetr01w";"C";"Georgia";;1974-12-31 00:00:00;"0000-00-00";0.035555555555555556
"henniso01w";"G";"Stanford";;1969-10-04 00:00:00;"0000-00-00";0.031855647137447096
"henryan01w";"F";"Florida";;1986-02-13 00:00:00;"0000-00-00";0.036444444444444446
"herriam01w";"C";"Iowa";;1977-06-06 00:00:00;"0000-00-00";0.032721606648199446
"hibbeka01w";"G-F";"Louisiana State";;1977-09-29 00:00:00;"0000-00-00";0.02857142857142857
"hicksje01w";"F-C";"Maryland";;1971-12-02 00:00:00;"0000-00-00";0.03254847645429363
"hightal01w";"G";"Louisiana State";;1988-04-06 00:00:00;"0000-00-00";0.02836734693877551
"hillec01w";"G";"Northern Illinois";;1971-04-06 00:00:00;"0000-00-00";0.038538650033415014
"hledeko01w";"G";"Duquesne";;1975-03-29 00:00:00;"0000-00-00";0.0315059861373661
"hodgeda01w";"G-F";"St. Joseph's";;1968-01-21 00:00:00;"0000-00-00";0.03190091949709139
"hodgedo01w";"G";"Louisiana State";;1982-07-19 00:00:00;"0000-00-00";0.03360638521319051
"hodgero01w";"G";"Florida State";;1982-07-19 00:00:00;"0000-00-00";0.03273160087284269
"hodgesa01w";"F-G";"New Orleans";;1962-07-31 00:00:00;"0000-00-00";0.0
"hoffmeb01w";"F";"USC";;1982-08-27 00:00:00;"0000-00-00";0.03926223520818115
"holdsch01w";"F";"Tennessee";;1977-08-09 00:00:00;"0000-00-00";0.031409788166544925
"hollake01w";"G";"Georgia";;1974-11-05 00:00:00;"0000-00-00";0.027897923875432527
"holliqu01w";"C";"Virginia Commonwealth";;1988-11-15 00:00:00;"0000-00-00";0.03390116377129364
"holmejo01w";"F";"Purdue";;1969-03-31 00:00:00;"0000-00-00";0.030612244897959183
"holmese01w";"G-F";"UNLV";;1986-06-13 00:00:00;"0000-00-00";0.029086132482642146
"holtam01w";"F";"Middle Tennessee State";;1985-06-07 00:00:00;"0000-00-00";0.032407407407407406
"hopeky01w";"C";"Miami (FL)";;1977-11-23 00:00:00;"0000-00-00";0.030131482834185538
"hopsosu01w";"F-C";"Mars Hill";;1974-06-21 00:00:00;"0000-00-00";0.03195763330898466
"hornbal01w";"G";"Tennessee";;1985-10-16 00:00:00;"0000-00-00";0.0307478674866098
"houstch01w";"F";"Connecticut";;1986-04-10 00:00:00;"0000-00-00";0.036458333333333336
"houtsas01w";"G";"Georgia";;1987-12-31 00:00:00;"0000-00-00";0.03213957759412305
"howarje01w";"G";"North Carolina State";;1975-01-21 00:00:00;"0000-00-00";0.029843893480257115
"howarme01w";"G";"SW Missouri State";;1972-04-02 00:00:00;"0000-00-00";0.030455786599453895
"hudsopa01w";"F";"Northwestern State";;1968-09-19 00:00:00;"0000-00-00";0.027573894068637174
"humphta01w";"C";"Georgia";;1985-12-29 00:00:00;"0000-00-00";0.033777777777777775
"ibekwif01w";"F";"Arizona";;1989-10-05 00:00:00;"0000-00-00";0.0
"irvinsa01w";"F";"Texas Christian";;1982-02-23 00:00:00;"0000-00-00";0.03288888888888889
"ivanyda01w";"G";"Florida International";;1976-03-18 00:00:00;"0000-00-00";0.027551020408163266
"iveyni01w";"G";"Notre Dame";;1977-09-24 00:00:00;"0000-00-00";0.03319224771664068
"jacksan01w";"C";"Texas";;1976-03-30 00:00:00;"0000-00-00";0.03549168975069252
"jacksde01w";"F";"Alabama-Birmingham";;1979-12-15 00:00:00;"0000-00-00";0.028305332359386412
"jacksgw01w";"F";"Tennessee";;1980-10-23 00:00:00;"0000-00-00";0.032355555555555554
"jacksla01w";"F-C";;;1981-05-11 00:00:00;"0000-00-00";0.03153988868274583
"jacksta01w";"F-C";"Florida";;1962-12-03 00:00:00;"0000-00-00";0.031822222222222224
"jacksta02w";"G";"Louisiana Tech";;1978-04-22 00:00:00;"0000-00-00";0.027089072543617997
"jacksti01w";"F";"Iowa";;1972-04-21 00:00:00;"0000-00-00";0.029359254116246777
"jacksti02w";"F";"Texas";;1985-04-26 00:00:00;"0000-00-00";0.03288888888888889
"jacobam01w";"G";"Boston College";;1982-06-29 00:00:00;"0000-00-00";0.0328719723183391
"jacobje01w";"G";"Purdue";;1973-02-20 00:00:00;"0000-00-00";0.028114186851211073
"jamesta01w";"F";"Miami (FL)";;1984-06-13 00:00:00;"0000-00-00";0.033186305398025626
"januabr01w";"G";"Arizona State";;1987-01-11 00:00:00;"0000-00-00";0.031141868512110725
"jekaban01w";"G";;;1983-08-12 00:00:00;"0000-00-00";0.03780718336483932
"joensca01w";"G-F";"George Washington";;1981-02-12 00:00:00;"0000-00-00";0.03273160087284269
"johnsad01w";"G";"Ohio State";;1974-02-05 00:00:00;"0000-00-00";0.03142857142857143
"johnsch01w";"C";"Wisconsin-Green Bay";;1981-03-19 00:00:00;"0000-00-00";0.03288888888888889
"johnsda01w";"C";"Tennessee";;1973-02-19 00:00:00;"0000-00-00";0.035975164353542734
"johnsgl01w";"F";"Tennessee";;1990-07-27 00:00:00;"0000-00-00";0.030222222222222223
"johnsja01w";"F";"Kansas";;1979-03-16 00:00:00;"0000-00-00";0.03877314814814815
"johnsla01w";"F";"Memphis";;1975-08-17 00:00:00;"0000-00-00";0.0281478701444924
"johnsle01w";"F";"Western Kentucky";;1975-01-12 00:00:00;"0000-00-00";0.04017531044558072
"johnsni01w";"G";"Alabama";;1973-02-07 00:00:00;"0000-00-00";0.030665826507036337
"johnspo01w";"C";"Michigan";;1975-11-06 00:00:00;"0000-00-00";0.029333333333333333
"johnssh01w";"G";"South Carolina";;1974-08-18 00:00:00;"0000-00-00";0.033860548006237466
"johnssh02w";"G";"Miami";;1990-12-08 00:00:00;"0000-00-00";0.0
"johnste01w";"G";"Louisiana State";;1982-09-06 00:00:00;"0000-00-00";0.03325774754346183
"johnsti01w";"C";"Tennessee";;1975-12-27 00:00:00;"0000-00-00";0.04155124653739612
"johnsvi01w";"G-F";"Louisiana Tech";;1972-04-15 00:00:00;"0000-00-00";0.0315059861373661
"jollyke01w";"G";"Tennessee";;1977-05-03 00:00:00;"0000-00-00";0.031085906322201217
"jonesas01w";"F";"Connecticut";;1980-08-01 00:00:00;"0000-00-00";0.03579254930606282
"jonesch01w";"G-F";"Houston";;1982-03-25 00:00:00;"0000-00-00";0.0315059861373661
"jonesja01w";"G";"UNC Charlotte";;1978-09-13 00:00:00;"0000-00-00";0.033186305398025626
"jonesla01w";"G";"Ohio State";;1977-07-24 00:00:00;"0000-00-00";0.03377744417339088
"jonesma01w";"G";"North Carolina";;1975-10-12 00:00:00;"0000-00-00";0.030612244897959183
"jonesme01w";"G";"Florida";;1973-07-21 00:00:00;"0000-00-00";0.03087586641461878
"jordapa01w";"C";"UNLV";;1968-04-27 00:00:00;"0000-00-00";0.036444444444444446
"joyneja01w";"F";"UCLA";;1962-03-03 00:00:00;"0000-00-00";0.03142857142857143
"kaplaan01w";"C";"Stanford";;1973-04-22 00:00:00;"0000-00-00";0.030359251138471918
"kausaan01w";"F";"Emporia State";;1970-11-30 00:00:00;"0000-00-00";0.029899691358024692
"kellycr01w";"F";"Western Kentucky";;1986-09-15 00:00:00;"0000-00-00";0.03469685902118334
"kingbsu01w";"G";"Stanford";;1981-07-27 00:00:00;"0000-00-00";0.030073513031855646
"kingija01w";"G";;;1976-01-20 00:00:00;"0000-00-00";0.032439446366782004
"kizerly01w";"F-C";"Maryland";;1990-04-04 00:00:00;"0000-00-00";0.03722299168975069
"klimezu01w";"F";"Vanderbilt";;1979-01-21 00:00:00;"0000-00-00";0.033053323593864134
"kobryew01w";"F-C";;;1982-05-07 00:00:00;"0000-00-00";0.037333333333333336
"koehnla01w";"G";"Kansas State";;1982-05-13 00:00:00;"0000-00-00";0.031358131487889275
"korstil01w";"G";;;1980-05-30 00:00:00;"0000-00-00";0.0326530612244898
"kossgr01w";"F";"Montana";;1974-06-12 00:00:00;"0000-00-00";0.027209607806342653
"kostaan01w";"G";;;1978-03-26 00:00:00;"0000-00-00";0.030519046558253507
"kostita01w";"F";"Oregon State";;1972-11-10 00:00:00;"0000-00-00";0.03058735222368174
"kraayca01w";"F";"Oregon";;1981-09-30 00:00:00;"0000-00-00";0.031163434903047092
"kubikni01w";"G";"Nebraska";;1978-03-01 00:00:00;"0000-00-00";0.030455786599453895
"kukloan01w";"G";;;1971-07-16 00:00:00;"0000-00-00";0.028935185185185185
"laceyal01w";"G";"Iowa State";;1987-12-26 00:00:00;"0000-00-00";0.030671296296296297
"lacyje01w";"F";"Pepperdine";;1983-03-21 00:00:00;"0000-00-00";0.03111111111111111
"lacyna01w";"G";"UTEP (sr)";"Texas Christian (fr-jr)";1985-07-08 00:00:00;"0000-00-00";0.0336734693877551
"lacyve01w";"C";"Louisiana Tech";;1967-02-09 00:00:00;"0000-00-00";0.04051246537396122
"lambesh01w";"G";"Baylor";"Grayson County (JC)";1980-07-21 00:00:00;"0000-00-00";0.02784584539986634
"lambmo01w";"C";"USC";;1964-10-11 00:00:00;"0000-00-00";0.03474447630291786
"langeme01w";"F-C";"UNLV";;1969-04-28 00:00:00;"0000-00-00";0.03369493754109139
"langhcr01w";"F-C";"Maryland";;1986-10-27 00:00:00;"0000-00-00";0.03360116873630387
"langja01w";"F";"Colorado";;1972-06-23 00:00:00;"0000-00-00";0.03568672839506173
"larakr01w";"G";;;1969-09-30 00:00:00;"0000-00-00";0.028114186851211073
"larkier01w";"F";"North Carolina";;1986-04-02 00:00:00;"0000-00-00";0.03940701820228936
"lassiam01w";"F";"Missouri";;1979-06-09 00:00:00;"0000-00-00";0.030024394820791892
"lattaiv01w";"G";"North Carolina";;1984-09-24 00:00:00;"0000-00-00";0.03282828282828283
"lavenja01w";"C";"Ohio State";;1988-11-12 00:00:00;"0000-00-00";0.03202908587257618
"lawsoed01w";"G";;;1979-05-14 00:00:00;"0000-00-00";0.029843893480257115
"lawsoka01w";"G";"Tennessee";;1981-02-14 00:00:00;"0000-00-00";0.03465658475110271
"lazicka01w";"F-C";;;1980-05-25 00:00:00;"0000-00-00";0.03
"lehnish01w";"G";"Kansas State";;1986-10-27 00:00:00;"0000-00-00";0.03087586641461878
"lennobe01w";"G";"Louisiana Tech";;1976-12-04 00:00:00;"0000-00-00";0.03092560553633218
"leslili01w";"C";"USC";;1972-07-07 00:00:00;"0000-00-00";0.028672626075223476
"leuchye01w";"C";"West Virginia";;1983-04-30 00:00:00;"0000-00-00";0.03288918873334458
"levanni01w";"G";"Xavier";;1979-05-17 00:00:00;"0000-00-00";0.03525086505190311
"levesni01w";"G";"Wake Forest";;1972-04-11 00:00:00;"0000-00-00";0.028974552784076592
"lewista01w";"F-C";"Louisiana Tech";;1979-07-10 00:00:00;"0000-00-00";0.03871439006574142
"lewisty01w";"G";"North Carolina State";;1979-05-08 00:00:00;"0000-00-00";0.031020408163265307
"liebena01w";"G";"Old Dominion";;1958-07-01 00:00:00;"0000-00-00";0.030612244897959183
"lilleta01w";"G";"Oregon";;1988-02-29 00:00:00;"0000-00-00";0.029843893480257115
"listr01w";"G-F";"Providence";;0002-11-30 00:00:00;"0000-00-00";0.0
"littlca01w";"F";"North Carolina";;1985-01-18 00:00:00;"0000-00-00";0.03287070854638422
"lloydan01w";"F";"Texas";;1965-02-09 00:00:00;"0000-00-00";0.03195763330898466
"lobore01w";"F";"Connecticut";;1973-10-06 00:00:00;"0000-00-00";0.03289473684210526
"lovelst01w";"F";"Purdue";;1974-12-05 00:00:00;"0000-00-00";0.02943213296398892
"luckepa01w";"F";"Houston";;1975-05-14 00:00:00;"0000-00-00";0.03096265715894164
"luzhe01w";"G";;;1972-11-23 00:00:00;"0000-00-00";0.031141868512110725
"lyttlsa01w";"F";"Houston";;1983-09-20 00:00:00;"0000-00-00";0.030297783933518004
"mabikmw01w";"G-F";;;1976-07-27 00:00:00;"0000-00-00";0.03273160087284269
"macchla01w";"F";;;1979-05-24 00:00:00;"0000-00-00";0.03171326702946144
"machacl01w";"C-F";"Old Dominion";;1976-10-04 00:00:00;"0000-00-00";0.030359251138471918
"mahonme01w";"F";"Kansas State";;1983-02-13 00:00:00;"0000-00-00";0.030864197530864196
"mahonsh01w";"F";"Western Kentucky";;1977-07-03 00:00:00;"0000-00-00";0.030817174515235458
"maigaha01w";"G-F";"Old Dominion";;1978-04-25 00:00:00;"0000-00-00";0.030024394820791892
"malcona01w";"F";"Providence";;1975-11-27 00:00:00;"0000-00-00";0.03190091949709139
"malloam01w";"G";"St. Joseph's";;1970-04-21 00:00:00;"0000-00-00";0.0361328125
"malloso01w";"C";"Georgia Tech";;1981-09-02 00:00:00;"0000-00-00";0.03541912632821724
"maltsev01w";"G";;;1978-12-20 00:00:00;"0000-00-00";0.03273160087284269
"mannish01w";"F-C";"North Carolina State";;1969-03-20 00:00:00;"0000-00-00";0.03306666666666667
"mannkr01w";"F";"UC Santa Barbara";;1983-08-10 00:00:00;"0000-00-00";0.03471570651154063
"mapprh01w";"C";"North Carolina State";;1969-10-13 00:00:00;"0000-00-00";0.03469685902118334
"marcimi01w";"G";"Tennessee";;1973-10-29 00:00:00;"0000-00-00";0.03142857142857143
"margiga01w";"F";"Drexel";;1987-02-12 00:00:00;"0000-00-00";0.03077500469131169
"martima01w";"F";"UCLA";;1978-04-17 00:00:00;"0000-00-00";0.029778393351800554
"martinu01w";"G";;;1984-02-29 00:00:00;"0000-00-00";0.03507666456626759
"mascira01w";"F";;;1980-09-30 00:00:00;"0000-00-00";0.03260030864197531
"maslemi01w";"F";"Penn State";;1974-10-10 00:00:00;"0000-00-00";0.0310445580715851
"matteca01w";"G";"Ohio State";;1982-08-22 00:00:00;"0000-00-00";0.03507666456626759
"matteka01w";"C";"Liberty";;1982-11-17 00:00:00;"0000-00-00";0.0375
"maxwean01w";"F";"New Mexico State";;1974-04-07 00:00:00;"0000-00-00";0.03689744098393176
"maxwemo01w";"F";"Louisiana Tech";;1976-12-21 00:00:00;"0000-00-00";0.034026465028355386
"maytuet01w";"F";"Oklahoma";;1973-04-28 00:00:00;"0000-00-00";0.0
"mazzake01w";"G";"Penn State";;1982-02-02 00:00:00;"0000-00-00";0.029899691358024692
"mccaibr01w";"G";"Florida";;1979-09-21 00:00:00;"0000-00-00";0.034013605442176874
"mccaiti01w";"G-F";"Kentucky";;1976-10-06 00:00:00;"0000-00-00";0.034081632653061224
"mccanra01w";"F";"North Carolina";;1986-11-17 00:00:00;"0000-00-00";0.030212047288421844
"mccarja01w";"C";"Minnesota";;1982-11-03 00:00:00;"0000-00-00";0.03743608473338203
"mccarjo01w";"G";"Illinois-Chicago";;1974-10-26 00:00:00;"0000-00-00";0.028959679215860994
"mccarst01w";"G-F";"Purdue";;1977-06-20 00:00:00;"0000-00-00";0.0325561856752783
"mcclaka01w";"F-C";"Georgia";;1965-09-19 00:00:00;"0000-00-00";0.03287070854638422
"mcconsu01w";"G";"Penn State";;1966-07-29 00:00:00;"0000-00-00";0.029585798816568046
"mccouan01w";"F";"Louisville";;1986-09-10 00:00:00;"0000-00-00";0.030024394820791892
"mccrada01w";"G-F";"Kansas";;1987-10-08 00:00:00;"0000-00-00";0.033723467565959134
"mccrani01w";"G";"Tennessee";;1971-12-11 00:00:00;"0000-00-00";0.031342987502479665
"mccrini01w";"G";"USC";;1972-03-22 00:00:00;"0000-00-00";0.02703287197231834
"mcculda01w";"F-C";"Western Kentucky";;1975-01-18 00:00:00;"0000-00-00";0.032
"mcgeepa01w";"C-F";"USC";;1962-12-01 00:00:00;"0000-00-00";0.035555555555555556
"mcgheca01w";"F-C";"Tennessee";;1968-03-06 00:00:00;"0000-00-00";0.03358979170576093
"mckivte01w";"C-F";"Tulane";;1980-10-05 00:00:00;"0000-00-00";0.03911111111111111
"mcwilta01w";"F-C";"St. Edwards";;1970-10-20 00:00:00;"0000-00-00";0.03433162892622352
"melvich01w";"C-F";"North Carolina State";;1976-05-03 00:00:00;"0000-00-00";0.03288888888888889
"mendigi01w";"G";"Washington";;1982-01-09 00:00:00;"0000-00-00";0.03451696092045229
"miaomi01w";"G";;;1981-06-03 00:00:00;"0000-00-00";0.03035112080936322
"millebr01w";"C";"Florida State";;1987-08-10 00:00:00;"0000-00-00";0.0
"milleco01w";"G";"Georgia";;1978-09-06 00:00:00;"0000-00-00";0.029405587061541692
"milleke01w";"G";"Georgia";;1978-09-06 00:00:00;"0000-00-00";0.02857142857142857
"millsta01w";"C";"Alabama";;1976-02-29 00:00:00;"0000-00-00";0.041244444444444445
"miltode01w";"F";"Florida";;1974-09-11 00:00:00;"0000-00-00";0.03471570651154063
"mitchle01w";"G";"Utah";;1985-06-15 00:00:00;"0000-00-00";0.03076923076923077
"mizrali01w";"G";"Maryland";;1970-06-24 00:00:00;"0000-00-00";0.028959679215860994
"moeggli01w";"F";"Michigan State";;1984-05-25 00:00:00;"0000-00-00";0.03659223118784012
"moisead01w";"G";;;1978-12-06 00:00:00;"0000-00-00";0.03213957759412305
"mokanch01w";"F";"Mississippi State (jr-sr)";"Southeastern Illinois (fr-so)";1988-10-13 00:00:00;"0000-00-00";0.0
"monroja01w";"C";"Florida State";;1988-09-04 00:00:00;"0000-00-00";0.027323326024624724
"montaan01w";"F";"George Washington";;1980-10-24 00:00:00;"0000-00-00";0.035653968849690375
"montgal01w";"G-F";"Georgia Tech";;1988-11-12 00:00:00;"0000-00-00";0.03471570651154063
"montgre01w";"G";"Connecticut";;1986-12-02 00:00:00;"0000-00-00";0.03096458008465137
"mooreja01w";"C";"Long Beach State";;1979-11-06 00:00:00;"0000-00-00";0.03884406079939951
"mooreje01w";"F-C";"Connecticut";;1982-07-09 00:00:00;"0000-00-00";0.03111111111111111
"moorelo01w";"G";"Tennessee";;1983-03-21 00:00:00;"0000-00-00";0.03465658475110271
"moorema01w";"F";"Connecticut";;1989-06-11 00:00:00;"0000-00-00";0.03375771604938271
"moorena01w";"G";"Alabama";;1984-11-04 00:00:00;"0000-00-00";0.02959183673469388
"moorepe01w";"F";"Long Beach State";;1969-01-25 00:00:00;"0000-00-00";0.026041666666666668
"mooreta01w";"G-F";"Wisconsin";;1980-04-11 00:00:00;"0000-00-00";0.03312834755008927
"mooreyo01w";"F";"Mississippi";;1974-07-01 00:00:00;"0000-00-00";0.03356481481481482
"moosca01w";"F-C";"Stanford";;1978-05-23 00:00:00;"0000-00-00";0.029914529914529916
"morehmo01w";"F-C";"Auburn";;1974-01-18 00:00:00;"0000-00-00";0.03111111111111111
"morgale01w";"F";"Francis Marion";;1969-11-01 00:00:00;"0000-00-00";0.0
"morrich01w";"F";"Southern Nazarene";;0002-11-30 00:00:00;"0000-00-00";
"morrije01w";"G";"San Diego State";;1987-07-21 00:00:00;"0000-00-00";0.030665826507036337
"morrila01w";"F";"Auburn";;1974-05-26 00:00:00;"0000-00-00";0.030024394820791892
"morrizi01w";"C";"none";;1989-02-15 00:00:00;"0000-00-00";0.0
"mosbybe01w";"F";"Baylor";"Florida";1984-02-14 00:00:00;"0000-00-00";0.032276224432351286
"mosleju01w";"F";"Hawai'i";;1968-03-17 00:00:00;"0000-00-00";0.03190091949709139
"moweje01w";"C";"Oregon";;1978-02-25 00:00:00;"0000-00-00";0.03980435149266318
"mulitna01w";"C";"Stanford";;1976-03-06 00:00:00;"0000-00-00";0.0368
"murphsh01w";"G";"USC";;1985-04-15 00:00:00;"0000-00-00";0.0325332275342194
"nagyan01w";"G";"Florida International";;1971-11-16 00:00:00;"0000-00-00";0.03274671419024282
"nanch01w";"C";;;1983-01-06 00:00:00;"0000-00-00";0.03353057199211045
"ndiayas01w";"F-C";"Southern Nazarene";;1973-11-05 00:00:00;"0000-00-00";0.032355555555555554
"ndongem01w";"C";;;1983-04-25 00:00:00;"0000-00-00";0.0310445580715851
"nemcoev01w";"F";;;1972-12-03 00:00:00;"0000-00-00";0.032505478451424395
"neroja01w";"F";"Alabama-Birmingham";;1968-11-08 00:00:00;"0000-00-00";0.03570720095219203
"nevescl01w";"G";;;1975-02-17 00:00:00;"0000-00-00";0.029411764705882353
"newtoch01w";"G";"Rutgers";;1983-02-17 00:00:00;"0000-00-00";0.030549494147986512
"ngarsch01w";"C";"Missouri";;1983-06-23 00:00:00;"0000-00-00";0.029866666666666666
"ngoyibe01w";"C";;;1982-08-26 00:00:00;"0000-00-00";0.033760387811634346
"nichoti01w";"G";"Penn State";;1973-09-27 00:00:00;"0000-00-00";0.03678508440413202
"nieuwma01w";"C";"Valparaiso";;1980-04-12 00:00:00;"0000-00-00";0.030359251138471918
"nikolmi01w";"F";;;1971-07-04 00:00:00;"0000-00-00";0.03288888888888889
"nnamach01w";"G";"Georgia Tech";;1985-06-15 00:00:00;"0000-00-00";0.03009259259259259
"nolande01w";"G-F";"Georgia";;1979-08-25 00:00:00;"0000-00-00";0.03087586641461878
"novosna01w";"G";"Notre Dame";;0002-11-30 00:00:00;"0000-00-00";0.03273160087284269
"nygaava01w";"F";"Stanford";;1975-03-13 00:00:00;"0000-00-00";0.03115030962657159
"ogayu01w";"G";;;1982-10-17 00:00:00;"0000-00-00";0.03213957759412305
"ogwumnn01w";"F";"Stanford";;1990-07-02 00:00:00;"0000-00-00";0.0
"oheaje01w";"G-F";"Australian Institute of Sport";;1987-06-06 00:00:00;"0000-00-00";0.03265152936761118
"ohldeni01w";"F-C";"Kansas State";;1982-03-13 00:00:00;"0000-00-00";0.03204587620172036
"olajuab01w";"C";"Oklahoma";;1988-07-06 00:00:00;"0000-00-00";0.04085872576177285
"oneilkr01w";"G-F";"Washington";;1983-04-12 00:00:00;"0000-00-00";0.029649089885531995
"orrki01w";"G";"Duke";;1975-09-16 00:00:00;"0000-00-00";0.03236914600550964
"osburde01w";"C";"Oregon";;1972-02-11 00:00:00;"0000-00-00";0.0
"osipoir01w";"C";;;1981-06-25 00:00:00;"0000-00-00";0.03204587620172036
"owenhe01w";"F";"Stanford";;1976-05-06 00:00:00;"0000-00-00";0.03575645134086693
"owenssh01w";"C";"Kentucky";;1978-05-16 00:00:00;"0000-00-00";0.03195763330898466
"pageda01w";"F";"Nebraska";;1986-11-14 00:00:00;"0000-00-00";0.03268809349890431
"pagemu01w";"F";"Florida";;1975-09-18 00:00:00;"0000-00-00";0.029218407596785977
"paigeyo01w";"G";"West Virginia";;1983-09-18 00:00:00;"0000-00-00";0.0337465564738292
"paliesa01w";"G";;;1981-07-23 00:00:00;"0000-00-00";0.03541991534862998
"palmewe01w";"F";"Virginia";;1974-08-12 00:00:00;"0000-00-00";0.030131482834185538
"parisco01w";"C";"Oklahoma";;1987-09-21 00:00:00;"0000-00-00";0.0432825484764543
"parkeca01w";"F";"Tennessee";;1986-04-19 00:00:00;"0000-00-00";0.030297783933518004
"pascafl01w";"C";;;1982-01-19 00:00:00;"0000-00-00";0.032375346260387815
"paschti01w";"F";"Florida State";;1969-03-22 00:00:00;"0000-00-00";0.03096265715894164
"pavlimi01w";"F-C";"Denver";;1977-11-27 00:00:00;"0000-00-00";0.03111111111111111
"payeka01w";"G";"Stanford";;1974-03-06 00:00:00;"0000-00-00";0.032439446366782004
"pederka01w";"F";"Stanford";;1989-04-04 00:00:00;"0000-00-00";0.03289473684210526
"penicti01w";"G";"Old Dominion";;1974-09-18 00:00:00;"0000-00-00";0.02876413410037691
"pennjo01w";"F";"South Carolina";;1979-09-10 00:00:00;"0000-00-00";0.030864197530864196
"perazja01w";"G-F";"Maryland";;1960-12-06 00:00:00;"0000-00-00";0.03279320987654321
"perkiji01w";"G";"Texas Tech";;1982-02-23 00:00:00;"0000-00-00";0.03352076124567474
"perpeer01w";"F-G";"The Master's College";;1979-06-05 00:00:00;"0000-00-00";0.03217777777777778
"perroki01w";"G";"SW Louisiana";;1967-01-18 00:00:00;"1999-08-19";0.03076923076923077
"peterde01w";"F";"Notre Dame";;1989-10-08 00:00:00;"0000-00-00";0.0310445580715851
"petroso01w";"F";"none";;1989-02-18 00:00:00;"0000-00-00";0.0
"pettibr01w";"G";"Florida";;1971-01-01 00:00:00;"0000-00-00";0.0315059861373661
"philler01w";"G";;;1985-05-19 00:00:00;"0000-00-00";0.03608821563822678
"phillpo01w";"F";"Georgia";;1988-01-13 00:00:00;"0000-00-00";0.03159240321402484
"phillta01w";"F-C";"Central Florida";;1969-03-06 00:00:00;"0000-00-00";0.036523009495982466
"phillta02w";"C";"Xavier";;1989-01-24 00:00:00;"0000-00-00";0.03254437869822485
"pierspl01w";"F-C";"Texas Tech";;1981-08-30 00:00:00;"0000-00-00";0.033053323593864134
"plowdvi01w";"F";"Miami (FL)";;1971-07-22 00:00:00;"0000-00-00";0.0
"pohleje01w";"G";"Stanford";;1989-05-02 00:00:00;"0000-00-00";0.03452932098765432
"pollica01w";"F";"Texas";;1966-03-16 00:00:00;"0000-00-00";0.027829313543599257
"pondeca01w";"G";"Rutgers";;1983-01-07 00:00:00;"0000-00-00";0.03360638521319051
"potthan01w";"F";"Penn State";;1974-06-12 00:00:00;"0000-00-00";0.03584162131732032
"powelel01w";"G";"Louisiana State";;1975-08-09 00:00:00;"0000-00-00";0.032439446366782004
"powelni01w";"F";"Stanford";;1982-06-22 00:00:00;"0000-00-00";0.03195763330898466
"prahasa01w";"G";"Ohio State";;1990-01-23 00:00:00;"0000-00-00";0.028736912452662064
"pricear01w";"G-F";"Mississippi";;1985-04-03 00:00:00;"0000-00-00";0.02793530770846461
"pricefr01w";"G";"Iowa";;1968-04-28 00:00:00;"0000-00-00";0.037387103549674436
"priceka01w";"G";"Stephen F. Austin";;1975-12-03 00:00:00;"1999-01-18";0.030204081632653063
"pridely01w";"F-G";"Kansas";;1978-10-16 00:00:00;"0000-00-00";0.03287070854638422
"princep01w";"G";"Rutgers";;1988-01-11 00:00:00;"0000-00-00";0.03507666456626759
"pringla01w";"F-C";"North Carolina";;1986-09-11 00:00:00;"0000-00-00";0.0288
"queenbr01w";"F";"Boston College";;1984-04-10 00:00:00;"0000-00-00";0.033783783783783786
"quiglal01w";"G";"DePaul";;1986-06-20 00:00:00;"0000-00-00";0.02857142857142857
"quinnno01w";"G";"UCLA";;1985-01-03 00:00:00;"0000-00-00";0.03375771604938271
"quinnte01w";"F";"Seton Hall";;1974-09-07 00:00:00;"0000-00-00";0.028566481994459835
"radunha01w";"C";;;1978-01-10 00:00:00;"0000-00-00";0.033244444444444445
"raglafe01w";"G";"Oregon State";;1980-02-03 00:00:00;"0000-00-00";0.029627979505457785
"randase01w";"G";"Tennessee";;1979-02-07 00:00:00;"0000-00-00";0.03444654484352027
"rasmukr01w";"F";"Michigan State";;1978-11-01 00:00:00;"0000-00-00";0.03012465373961219
"ravenbr01w";"G";"Texas";;1988-08-01 00:00:00;"0000-00-00";0.03125
"raymost01w";"G";"Northern Illinois";;1985-01-15 00:00:00;"0000-00-00";0.03289940828402367
"raymota01w";"F";"Connecticut";;1980-04-12 00:00:00;"0000-00-00";0.03560993425858291
"reddja01w";"F";"Washington";;1977-11-05 00:00:00;"0000-00-00";0.03077500469131169
"redmoka01w";"G-F";"Gonzaga";"Washington";1988-10-11 00:00:00;"0000-00-00";0.0
"reedbr01w";"F";"Southern Mississippi";;1977-02-17 00:00:00;"0000-00-00";0.03152561456183149
"reedch01w";"F";"Arkansas-Little Rock";;1989-03-28 00:00:00;"0000-00-00";0.03096265715894164
"reedmi01w";"G";"Western Kentucky";;1973-05-24 00:00:00;"0000-00-00";0.03273160087284269
"reidtr01w";"F";"North Carolina";;1976-11-01 00:00:00;"0000-00-00";0.029756000793493356
"reissta01w";"G";"Virginia";;1970-04-02 00:00:00;"0000-00-00";0.029614325068870524
"resska01w";"F";"Boston College";;1985-06-26 00:00:00;"0000-00-00";0.03358725761772853
"reynoch01w";"F";"Houston";;1972-02-08 00:00:00;"0000-00-00";0.03287070854638422
"rileyan01w";"G";"Oklahoma State";;1988-07-22 00:00:00;"0000-00-00";0.03218934911242603
"rileyru01w";"C";"Notre Dame";;1979-08-28 00:00:00;"0000-00-00";0.03339517625231911
"rizzoje01w";"G";"Connecticut";;1974-05-15 00:00:00;"0000-00-00";0.03351698806244261
"roberav01w";"G";"Ohio State";;1970-01-29 00:00:00;"0000-00-00";0.030455786599453895
"roberny01w";"C";"Old Dominion";;1976-03-10 00:00:00;"0000-00-00";0.03715555555555555
"robinas01w";"C";"Tennessee";;1982-08-12 00:00:00;"0000-00-00";0.031163434903047092
"robincr01w";"F-G";"SE Oklahoma State";;1974-01-22 00:00:00;"0000-00-00";0.0307478674866098
"robinda01w";"G";"Oklahoma";;1989-05-10 00:00:00;"0000-00-00";0.026254988447805085
"robinre01w";"G";"Virginia";;1978-06-15 00:00:00;"0000-00-00";0.03292997421146598
"robinsc01w";"G";"Louisiana State";;1983-01-09 00:00:00;"0000-00-00";0.0307478674866098
"rolanja01w";"G-F";"Purdue";;1975-02-03 00:00:00;"0000-00-00";0.03133796209420154
"rossad01w";"G";"Texas Christian";;1984-11-23 00:00:00;"0000-00-00";0.030709342560553632
"rouilni01w";"G";"Loyola Marymount";;1970-01-23 00:00:00;"0000-00-00";0.028959679215860994
"roundsa01w";"G";"Georgia";;1976-10-04 00:00:00;"0000-00-00";0.03230118066384496
"ruffje01w";"G-F";"Washington State";;1974-09-12 00:00:00;"0000-00-00";0.027772267407260465
"rushle01w";"F";"Oklahoma";;1984-10-25 00:00:00;"0000-00-00";0.032839181835241135
"ryankr01w";"F";"Sacramento State";;1972-11-19 00:00:00;"0000-00-00";0.029756000793493356
"rycraeu01w";"C";"Cal State Fullerton";;1968-12-06 00:00:00;"0000-00-00";0.03111111111111111
"salesny01w";"G-F";"Connecticut";;1976-05-10 00:00:00;"0000-00-00";0.035493827160493825
"sampsch01w";"G";"Kansas";;1974-09-01 00:00:00;"0000-00-00";0.03471533425907558
"sampsto01w";"G";"North Carolina";;1972-03-02 00:00:00;"0000-00-00";0.0
"samsh01w";"F-G";"Vanderbilt";;1974-05-05 00:00:00;"0000-00-00";0.030864197530864196
"sanchis01w";"G";;;1976-11-28 00:00:00;"0000-00-00";0.031020408163265307
"sandeam01w";"G";"Hawai'i";;1983-06-05 00:00:00;"0000-00-00";0.03094624082523309
"sandish01w";"G";;;1969-01-22 00:00:00;"0000-00-00";0.02797067901234568
"sanfona01w";"F-C";"Kansas";;1976-05-10 00:00:00;"0000-00-00";0.03462603878116344
"sanniol01w";"C";"West Virginia";;1986-08-21 00:00:00;"0000-00-00";0.0
"santoal01w";"C";;;1973-12-02 00:00:00;"0000-00-00";0.03052791364479676
"santoke01w";"F";;;1979-11-10 00:00:00;"0000-00-00";0.03342222222222222
"sarenra01w";"C";;;1974-06-27 00:00:00;"0000-00-00";0.03648915187376726
"sauerpa01w";"C";"Connecticut";;1977-12-08 00:00:00;"0000-00-00";0.035145429362880884
"saundja01w";"F";"Texas A&M";;1979-08-21 00:00:00;"0000-00-00";0.02876413410037691
"saureau01w";"G";;;1976-10-31 00:00:00;"0000-00-00";0.03326530612244898
"savasla01w";"G";"Washington";;1974-03-18 00:00:00;"0000-00-00";0.02897923875432526
"schumke01w";"C";"Connecticut";;1977-10-14 00:00:00;"0000-00-00";0.03086523865744645
"schwege01w";"G-F";"Duke";;1979-01-31 00:00:00;"0000-00-00";0.030864197530864196
"scottol01w";"C";"Stanford";;1976-08-05 00:00:00;"0000-00-00";0.03195763330898466
"scottra01w";"F";"Colorado";;1975-08-12 00:00:00;"0000-00-00";0.030044444444444443
"shakiel01w";"F-C";;;1970-06-02 00:00:00;"0000-00-00";0.033777777777777775
"sharpkb01w";"G";"Cincinnati";;1981-04-18 00:00:00;"0000-00-00";0.030455786599453895
"sheetsh01w";"G";"Colorado";;1975-08-15 00:00:00;"0000-00-00";0.029843893480257115
"shegoch01w";"C";"North Carolina";;1990-02-22 00:00:00;"0000-00-00";0.0
"shielas01w";"G";"SW Tennessee CC";;1985-07-15 00:00:00;"0000-00-00";0.03163265306122449
"shudlca01w";"C";"Minnesota";;1972-05-13 00:00:00;"0000-00-00";0.0
"shulead01w";"G";"Georgia";;1969-04-24 00:00:00;"0000-00-00";0.03512396694214876
"simondy01w";"G";"Arizona State";;1989-09-29 00:00:00;"0000-00-00";0.032426035502958576
"simpsda01w";"F";"Houston";;1969-04-11 00:00:00;"0000-00-00";0.028444444444444446
"slaisma01w";"G";"Cincinnati";;1973-08-23 00:00:00;"0000-00-00";0.03741349480968858
"slauggw01w";"F";"Tulane";;1980-07-01 00:00:00;"0000-00-00";0.03217777777777778
"slavtge01w";"G";"Florida International";;1979-10-20 00:00:00;"0000-00-00";0.030024394820791892
"smithai01w";"F";"Louisiana State";;1980-07-18 00:00:00;"0000-00-00";0.03159240321402484
"smithbr01w";"F-C";"Stanford";;1984-04-30 00:00:00;"0000-00-00";0.034666666666666665
"smithch01w";"G";"Arkansas";;1975-08-14 00:00:00;"0000-00-00";0.0311873468478503
"smithch02w";"F";"Stanford";;1975-05-02 00:00:00;"0000-00-00";0.02959183673469388
"smithch03w";"G";"North Carolina";;1973-08-23 00:00:00;"0000-00-00";0.02854938271604938
"smithcr01w";"G";"Iowa";;1984-03-12 00:00:00;"0000-00-00";0.027777777777777776
"smithje01w";"C";"Michigan";;1982-04-10 00:00:00;"0000-00-00";0.0352
"smithka01w";"G-F";"Ohio State";;1974-06-04 00:00:00;"0000-00-00";0.03451696092045229
"smithki01w";"F";"Utah";;1984-05-07 00:00:00;"0000-00-00";0.029649089885531995
"smithla01w";"G";"Mississippi State";;1974-02-06 00:00:00;"0000-00-00";0.033415014479839605
"smithta01w";"F-C";"Iowa";;1977-04-01 00:00:00;"0000-00-00";0.027700831024930747
"smithty01w";"F";"Delaware";;1985-04-21 00:00:00;"0000-00-00";0.0
"smithwa01w";"G";"Duke";;1985-07-09 00:00:00;"0000-00-00";0.03471533425907558
"snellbe01w";"G";"University of Sydney";;1981-10-01 00:00:00;"0000-00-00";0.035706784289014915
"snowmi01w";"C";"Tennessee";;1980-03-20 00:00:00;"0000-00-00";0.02664867599932535
"sobrale01w";"F";;;1974-11-22 00:00:00;"0000-00-00";0.03434040157628073
"sobrama01w";"C";;;1964-03-23 00:00:00;"0000-00-00";0.02897777777777778
"spencsi01w";"G";"Tennessee";;1985-03-07 00:00:00;"0000-00-00";0.03253333333333333
"spornra01w";"F";;;1968-05-26 00:00:00;"0000-00-00";0.02739225712198685
"stafftr01w";"F";"California";;1970-11-11 00:00:00;"0000-00-00";0.03377744417339088
"staleda01w";"G";"Virginia";;1970-05-04 00:00:00;"0000-00-00";0.03076216712580349
"stansti01w";"F-C";"North Carolina State";;1983-01-16 00:00:00;"0000-00-00";0.03253333333333333
"starbka01w";"G";"Stanford";;1975-07-30 00:00:00;"0000-00-00";0.02871082754738225
"stedika01w";"F-G";"Stanford";;1967-12-11 00:00:00;"0000-00-00";0.033371913580246916
"stepama01w";"C";;;1979-02-23 00:00:00;"0000-00-00";0.02921875
"stephre01w";"G";"UCLA";;1969-12-28 00:00:00;"0000-00-00";0.031739734179726246
"stephst01w";"C";"Texas";;1982-01-21 00:00:00;"0000-00-00";0.03549168975069252
"sterkca01w";"F";"Central Michigan";;0002-11-30 00:00:00;"0000-00-00";0.0310445580715851
"stevema01w";"F-C";"Auburn";;1982-02-04 00:00:00;"0000-00-00";0.02951111111111111
"stileja01w";"G";"Missouri State";;1978-12-21 00:00:00;"0000-00-00";0.031141868512110725
"stillva01w";"F-C";"Kentucky";;1961-05-14 00:00:00;"0000-00-00";0.028335522612122348
"stinsan01w";"G";"North Carolina State";;1967-11-25 00:00:00;"0000-00-00";0.03224489795918367
"stiresh01w";"F";"Kansas State";;1972-05-21 00:00:00;"0000-00-00";0.041261654433644115
"stockta01w";"F-C";"Florida";;1979-01-29 00:00:00;"0000-00-00";0.030131482834185538
"streiju01w";"F";;;1972-05-14 00:00:00;"0000-00-00";0.030131482834185538
"stricsh01w";"G-F";"Tennessee";;1990-07-30 00:00:00;"0000-00-00";0.032505478451424395
"strotan01w";"G-F";"Connecticut";;1983-12-11 00:00:00;"0000-00-00";0.02951111111111111
"suberto01w";"G";"Virginia";;1974-11-23 00:00:00;"0000-00-00";0.030519046558253507
"summela01w";"C";;;1983-12-13 00:00:00;"0000-00-00";0.03049671292914536
"sun-mju01w";"C";;;1974-10-12 00:00:00;"0000-00-00";0.03152561456183149
"suttota01w";"C";"Rutgers";;1978-01-27 00:00:00;"0000-00-00";0.034452908587257615
"swanike01w";"G";"Connecticut";;1986-08-10 00:00:00;"0000-00-00";0.03207841390064602
"swoopsh01w";"F-G";"Texas Tech";;1971-03-25 00:00:00;"0000-00-00";0.02797067901234568
"swordca01w";"C";"Boston College";;1989-07-19 00:00:00;"0000-00-00";0.03451676528599606
"sykesap01w";"G-F";"Rutgers";;1990-07-30 00:00:00;"0000-00-00";0.0
"tatede01w";"G";"Maryland";;1966-05-13 00:00:00;"0000-00-00";0.032439446366782004
"tateso01w";"G";"Arkansas State";;1971-09-07 00:00:00;"0000-00-00";0.03604224058769513
"tauradi01w";"F-G";"Connecticut";;1982-06-11 00:00:00;"0000-00-00";0.033179012345679014
"tayloli01w";"C";"UC Santa Barbara";;1981-05-20 00:00:00;"0000-00-00";0.03125
"taylope01w";"F";;;1981-05-24 00:00:00;"0000-00-00";0.03152561456183149
"teaslni01w";"G";"North Carolina";;1979-03-22 00:00:00;"0000-00-00";0.03260030864197531
"teilaza01w";"C";"Western Illinois";;1983-09-24 00:00:00;"0000-00-00";0.02723922448325589
"terryka01w";"C-F";"Georgia Tech";;1983-10-21 00:00:00;"0000-00-00";0.03253333333333333
"thirdtr01w";"F";"Washington";;1968-02-27 00:00:00;"0000-00-00";0.031739734179726246
"thomaca01w";"F";"Vanderbilt";;1985-10-31 00:00:00;"0000-00-00";0.035555555555555556
"thomach01w";"C";"Georgia";;1982-08-14 00:00:00;"0000-00-00";0.03288888888888889
"thomaja01w";"G";"Duke";;1989-09-30 00:00:00;"0000-00-00";0.030455786599453895
"thomakr01w";"C";"Duke";;1989-06-10 00:00:00;"0000-00-00";0.03288918873334458
"thomala01w";"F";"Mississippi State";;1981-07-06 00:00:00;"0000-00-00";0.030131482834185538
"thomast01w";"F";"Michigan";;1978-08-29 00:00:00;"0000-00-00";0.03142857142857143
"thompal01w";"F";"Texas Tech";;1976-06-30 00:00:00;"0000-00-00";0.03377744417339088
"thompam01w";"F";"Oklahoma";;1987-11-18 00:00:00;"0000-00-00";0.03190091949709139
"thomppa01w";"F";"Tennessee";;1975-01-16 00:00:00;"0000-00-00";0.036216926252580224
"thompti01w";"F";"USC";;1975-02-10 00:00:00;"0000-00-00";0.032505478451424395
"thorbsh01w";"G";"Utah";;1982-08-07 00:00:00;"0000-00-00";0.031295946229783655
"thorner01w";"G";"Brigham Young";;1981-05-19 00:00:00;"0000-00-00";0.030612244897959183
"threaro01w";"G";"Wisconsin";;1970-07-01 00:00:00;"0000-00-00";0.033415014479839605
"tilliic01w";"C-F";"Duke";;1981-12-06 00:00:00;"0000-00-00";0.027829313543599257
"timmsmi01w";"G";;;1965-06-28 00:00:00;"0000-00-00";0.029405212742258855
"tolerpe01w";"G";"Long Beach State";;1966-03-24 00:00:00;"0000-00-00";0.028546712802768166
"tolivkr01w";"G";"Maryland";;1987-01-27 00:00:00;"0000-00-00";0.028959679215860994
"torniel01w";"F";;;1965-05-27 00:00:00;"0000-00-00";0.030024394820791892
"torrele01w";"C";"Florida State";;1978-04-06 00:00:00;"0000-00-00";0.0304
"traviti01w";"G-F";"Flordia";;1978-03-20 00:00:00;"0000-00-00";0.02876413410037691
"tremich01w";"G";"Auburn";;1969-10-20 00:00:00;"0000-00-00";0.032598714416896234
"tricetr01w";"F-C";"North Carolina State";;1965-08-04 00:00:00;"0000-00-00";0.03287070854638422
"tunsine01w";"G-F";"Iowa State";;1970-08-22 00:00:00;"0000-00-00";0.03190091949709139
"turneba01w";"G-F";"Connecticut";;1984-06-08 00:00:00;"0000-00-00";0.033179012345679014
"tutermo01w";"G";"Arizona State";;1975-08-25 00:00:00;"0000-00-00";0.029899691358024692
"tuvicsl01w";"C";;;1977-09-19 00:00:00;"0000-00-00";0.03358725761772853
"tzekopo01w";"C";;;1968-04-30 00:00:00;"0000-00-00";0.032721606648199446
"udokamf01w";"F";"DePaul";;1976-06-16 00:00:00;"0000-00-00";0.03607253086419753
"ujhelpe01w";"F-C";"South Carolina";;1980-12-17 00:00:00;"0000-00-00";0.03462603878116344
"umoh-it01w";"G";"Clemson";;1977-02-21 00:00:00;"0000-00-00";0.0311873468478503
"valdeam01w";"F";;;1976-08-18 00:00:00;"0000-00-00";0.030024394820791892
"vandeco01w";"G";"Gonzaga";;1989-02-08 00:00:00;"0000-00-00";0.028114186851211073
"vanemal01w";"F";"UCLA";;1968-04-14 00:00:00;"0000-00-00";0.03111111111111111
"vangomi01w";"C";"Duke";;1977-05-10 00:00:00;"0000-00-00";0.030736357659434582
"vaughki01w";"C";"Rutgers";;1987-01-24 00:00:00;"0000-00-00";0.036011080332409975
"vaughkr01w";"F";"Virginia Commonwealth";;1986-09-08 00:00:00;"0000-00-00";0.030024394820791892
"vealkr01w";"G";;;1981-07-24 00:00:00;"0000-00-00";0.030612244897959183
"veselja01w";"F";"none";;1983-12-31 00:00:00;"0000-00-00";0.034666666666666665
"vidicbo01w";"G";"Oregon State";;1973-01-07 00:00:00;"0000-00-00";0.02793530770846461
"viglida01w";"G";"Texas";;1975-03-07 00:00:00;"0000-00-00";0.032040816326530615
"vilipda01w";"F-C";;;1975-03-30 00:00:00;"0000-00-00";0.03583795013850415
"vodicka01w";"F-C";;;1972-12-19 00:00:00;"0000-00-00";0.03289473684210526
"vodopna01w";"F";;;1981-04-06 00:00:00;"0000-00-00";0.03217777777777778
"voigtka01w";"G";"Wisconsin";;1975-04-07 00:00:00;"0000-00-00";0.030399699756051793
"vukadmi01w";"G";"California";;1968-11-18 00:00:00;"0000-00-00";0.0281478701444924
"walkeas01w";"F-C";"California";;1987-02-24 00:00:00;"0000-00-00";0.03753049352598987
"walkeay01w";"F";"Louisiana Tech";;1979-09-10 00:00:00;"0000-00-00";0.025244444444444444
"walkede01w";"F";"Virginia";;1977-11-28 00:00:00;"0000-00-00";0.029866666666666666
"walkema01w";"C";"Pittsburgh";;1986-10-17 00:00:00;"0000-00-00";0.044977777777777776
"walsema01w";"F";"Penn State";;1978-10-28 00:00:00;"0000-00-00";0.03360116873630387
"wardvo01w";"C";"Tennessee";;1973-03-16 00:00:00;"0000-00-00";0.027942143326758713
"warleav01w";"C";"Liberty";;1987-05-17 00:00:00;"0000-00-00";0.0
"washico01w";"G";"Notre Dame";;1971-01-17 00:00:00;"0000-00-00";0.03168044077134986
"washito01w";"F";"Florida";;1977-12-30 00:00:00;"0000-00-00";0.031739734179726246
"wautean01w";"C";;;1980-10-12 00:00:00;"0000-00-00";0.033414127423822715
"weathte01w";"G";"Louisiana Tech";;1965-12-08 00:00:00;"0000-00-00";0.03481833910034602
"webbum01w";"G-F";"North Carolina State";;1975-06-26 00:00:00;"0000-00-00";0.03306122448979592
"weberma01w";"C";"Iona";;1982-06-01 00:00:00;"0000-00-00";0.033732501264968795
"weckeke01w";"F";"Kansas State";;1982-12-16 00:00:00;"0000-00-00";0.032276224432351286
"whaleli01w";"G";"Minnesota";;1982-05-09 00:00:00;"0000-00-00";0.032439446366782004
"whitede01w";"F";"Louisiana State";;1980-04-03 00:00:00;"0000-00-00";0.03570720095219203
"whiteer01w";"G";"Louisiana State";;1986-08-26 00:00:00;"0000-00-00";0.034013605442176874
"whiteta01w";"G";"Mississippi State";;1982-09-27 00:00:00;"0000-00-00";0.034306081532635334
"whitiva01w";"C-F";"Stanford";;1972-04-09 00:00:00;"0000-00-00";0.03634039444850256
"whitmta01w";"F";"Memphis";;1977-06-05 00:00:00;"0000-00-00";0.03469685902118334
"whittje01w";"C";;;1973-09-05 00:00:00;"0000-00-00";0.029684601113172542
"whittkh01w";"F";"North Carolina State";;1986-08-05 00:00:00;"0000-00-00";0.03471570651154063
"wickssu01w";"F";"Rutgers";;1966-11-26 00:00:00;"0000-00-00";0.03395555555555556
"widemja01w";"G";"Stanford";;1975-10-16 00:00:00;"0000-00-00";0.030991735537190084
"wiggica01w";"G";"Stanford";;1987-02-14 00:00:00;"0000-00-00";0.030549494147986512
"wilkeda01w";"G";"Long Beach State";;1969-02-27 00:00:00;"0000-00-00";0.02863905325443787
"wilkibr01w";"C";"Iowa State";;1983-06-15 00:00:00;"0000-00-00";0.03288888888888889
"williad01w";"F-C";"USC";;1977-02-15 00:00:00;"0000-00-00";0.028672626075223476
"willian01w";"G";"Illinois";;1983-07-21 00:00:00;"0000-00-00";0.028742283950617283
"willibe01w";"G";"Texas";;1965-11-09 00:00:00;"0000-00-00";0.030455786599453895
"willide01w";"G";"Louisiana Tech";;1972-09-23 00:00:00;"0000-00-00";0.03460207612456748
"williki01w";"G";"DePaul";"Westark CC";1974-10-14 00:00:00;"0000-00-00";0.031221303948576674
"willile01w";"F";"Auburn";;1981-02-10 00:00:00;"0000-00-00";0.038580246913580245
"willile02w";"G-F";"DePaul";;1979-07-04 00:00:00;"0000-00-00";0.0307478674866098
"willili01w";"G";"UCLA";;1984-06-13 00:00:00;"0000-00-00";0.033723467565959134
"willina01w";"F-C";"UCLA";;1970-11-30 00:00:00;"0000-00-00";0.038349159970781595
"williri01w";"G";"Connecticut";;1976-01-14 00:00:00;"0000-00-00";0.030991735537190084
"williri02w";"G";"Miami";;1990-05-28 00:00:00;"0000-00-00";0.03675651592782357
"willisa01w";"G-F";"Auburn";;1973-09-24 00:00:00;"0000-00-00";0.0
"willish01w";"G";"Oregon";;1980-04-14 00:00:00;"0000-00-00";0.030991735537190084
"willita01w";"G";"Auburn";;1974-07-23 00:00:00;"0000-00-00";0.033723467565959134
"willito01w";"G";"Texas A&M";;1982-01-11 00:00:00;"0000-00-00";0.029844290657439446
"williwe01w";"G";"Arkansas";;1978-11-18 00:00:00;"0000-00-00";0.03141011361104923
"wilsoam01w";"F";"Louisiana Tech";;1977-02-06 00:00:00;"0000-00-00";0.03491370759769887
"wirthch01w";"F";"Vanderbilt";;1987-04-18 00:00:00;"0000-00-00";0.03471570651154063
"wisdoli01w";"F";"Purdue";;1986-05-26 00:00:00;"0000-00-00";0.0339663988312637
"witheso01w";"G";"Florida";;1969-07-06 00:00:00;"0000-00-00";0.02959183673469388
"wojtaju01w";"G-F";"Wisconsin-Green Bay";;1989-04-09 00:00:00;"0000-00-00";0.03375771604938271
"wolteka01w";"C";"Connecticut";;1975-08-15 00:00:00;"0000-00-00";0.03637237622175933
"wolvean01w";"F-C";"Oregon";;1978-12-08 00:00:00;"0000-00-00";0.036444444444444446
"woodaly01w";"G";"Kansas";;1959-08-12 00:00:00;"0000-00-00";0.030864197530864196
"woodki01w";"C";"Wisconsin-Green Bay";;1972-09-16 00:00:00;"0000-00-00";0.0
"wooslti01w";"G";"Tennessee";;1973-04-04 00:00:00;"0000-00-00";0.029405212742258855
"wrighfa01w";"G";"San Diego State";;1973-01-28 00:00:00;"0000-00-00";0.029843893480257115
"wrighmo01w";"G";"Virginia";;1988-07-15 00:00:00;"0000-00-00";0.035310454274945446
"wrighsh01w";"F";"Purdue";;1981-09-21 00:00:00;"0000-00-00";0.03163265306122449
"wrighta01w";"G";"Penn State";;1983-11-20 00:00:00;"0000-00-00";0.03273160087284269
"wyckobr01w";"F";"Florida State";;1980-03-30 00:00:00;"0000-00-00";0.03434040157628073
"wynneda01w";"F";"Seton Hall";;1975-02-02 00:00:00;"0000-00-00";0.03195763330898466
"yamasli01w";"G";"Stanford";;1980-06-02 00:00:00;"0000-00-00";0.035653968849690375
"yasenco01w";"G";"Purdue";;1973-12-05 00:00:00;"2001-05-12";0.030864197530864196
"yilmane01w";"F-C";;;1980-06-06 00:00:00;"0000-00-00";0.033414127423822715
"youngca01w";"G";"Auburn";;1969-07-28 00:00:00;"0000-00-00";0.03675698382692712
"youngso01w";"F";"Baylor";;1983-12-15 00:00:00;"0000-00-00";0.03096265715894164
"youngta01w";"F";"James Madison";;1986-10-30 00:00:00;"0000-00-00";0.03031409788166545
"zakalok01w";"C";;;1977-12-18 00:00:00;"0000-00-00";0.028599605522682446
"zarafr01w";"G";;;1976-12-08 00:00:00;"0000-00-00";0.02979591836734694
"zellosh01w";"G";"Pittsburgh";;1986-08-28 00:00:00;"0000-00-00";0.03163265306122449
"zhengha01w";"C";;;1967-03-07 00:00:00;"0000-00-00";0.0396875
"zirkozu01w";"G";;;1980-06-06 00:00:00;"0000-00-00";0.030455786599453895
"zollsh01w";"G";"Virginia";;1986-07-11 00:00:00;"0000-00-00";0.032969480953441745
